{"cameraMode":{"drawMode":0,"name":"Shaded","section":"Shading Mode"},"sceneLighting":true,"audioPlay":false,"sceneViewState":{"m_AlwaysRefresh":false,"showFog":true,"showSkybox":true,"showFlares":true,"showImageEffects":false,"showParticleSystems":true,"showVisualEffectGraphs":true,"m_FxEnabled":true},"in2DMode":false,"pivot":{"x":0.8589303493499756,"y":1.0342869758605958,"z":-1.3684850931167603},"rotation":{"x":-0.12956786155700684,"y":0.2361544966697693,"z":-0.03178910166025162,"w":-0.9625176787376404},"size":0.7071067690849304,"orthographic":false}