{"cameraMode":{"drawMode":0,"name":"Shaded","section":"Shading Mode"},"sceneLighting":true,"audioPlay":false,"sceneViewState":{"m_AlwaysRefresh":false,"showFog":true,"showSkybox":true,"showFlares":true,"showImageEffects":true,"showParticleSystems":true,"showVisualEffectGraphs":true,"m_FxEnabled":true},"in2DMode":false,"pivot":{"x":-0.29367291927337649,"y":-0.09337300062179566,"z":0.13732728362083436},"rotation":{"x":-0.06297767162322998,"y":0.7337828278541565,"z":-0.06866762787103653,"w":-0.6729727387428284},"size":1.111900806427002,"orthographic":false}